277,Bedford Avenue,Williamsburg,Brooklyn,Kings,New York,United States,11211,
20,Washington Square North,Lower Manhattan,Manhattan,New York,New York,United States,10012,
277,Bedford Avenue,Williamsburg,Brooklyn,Kings,New York,United States,11211,
20,Washington Square North,Lower Manhattan,Manhattan,New York,New York,United States,10012,
277,Bedford Avenue,Williamsburg,Brooklyn,Kings,New York,United States,11211,
20,Washington Square North,Lower Manhattan,Manhattan,New York,New York,United States,10012,
,,,Chandan Nagar,Pune,Maharashtra,India,411014,
,,Ganesh Nagar,Dhankawadi,Pune,Maharashtra,India,411043,
,,,Chandan Nagar,Pune,Maharashtra,India,411014,
,,Ganesh Nagar,Dhankawadi,Pune,Maharashtra,India,411043,
,,,Chandan Nagar,Pune,Maharashtra,India,411014,
,,Ganesh Nagar,Dhankawadi,Pune,Maharashtra,India,411043,
,,,Chandan Nagar,Pune,Maharashtra,India,411014,
,,Ganesh Nagar,Dhankawadi,Pune,Maharashtra,India,411043,
,,Sinhgad Institute,Vadgaon Budruk,Pune,Maharashtra,India,,
,,Ganesh Nagar,Dhankawadi,Pune,Maharashtra,India,411043,
,,Sinhgad Institute,Vadgaon Budruk,Pune,Maharashtra,India,,
,,Sinhgad Institute,Vadgaon Budruk,Pune,Maharashtra,India,,
,,Sinhgad Institute,Vadgaon Budruk,Pune,Maharashtra,India,,
